"full_name","first_name","last_name","occurrences","sources"
"Ai Hayasaka","Ai","Hayasaka","3","common/history/characters/demo_characters.null:684; common/history/characters/demo_characters.null:4045; common/history/characters/demo_characters.null:7406"
"Ai Miyashita","Ai","Miyashita","5","common/history/characters/demo_characters.null:1729; common/history/characters/demo_characters.null:5090; common/history/characters/demo_characters.null:8451; common/history/characters/demo_characters.null:10335; common/history/characters/demo_characters.null:12164"
"Ai Mizuno","Ai","Mizuno","5","common/history/characters/demo_characters.null:2075; common/history/characters/demo_characters.null:5436; common/history/characters/demo_characters.null:8797; common/history/characters/demo_characters.null:10681; common/history/characters/demo_characters.null:12510"
"Aki Minoriko","Aki","Minoriko",,"common/history/characters/reserve.null:1247"
"Akihiko Kayaba","Akihiko","Kayaba","5","common/history/characters/demo_characters.null:1897; common/history/characters/demo_characters.null:5258; common/history/characters/demo_characters.null:8619; common/history/characters/demo_characters.null:10503; common/history/characters/demo_characters.null:12332"
"Ako Udagawa","Ako","Udagawa","5","common/history/characters/demo_characters.null:2229; common/history/characters/demo_characters.null:5590; common/history/characters/demo_characters.null:8951; common/history/characters/demo_characters.null:10835; common/history/characters/demo_characters.null:12664"
"Aleph Aleph","Aleph","Aleph","3","common/history/characters/demo_characters.null:57; common/history/characters/demo_characters.null:3418; common/history/characters/demo_characters.null:6779"
"Amanda O_Neill","Amanda","O_Neill","5","common/history/characters/demo_characters.null:2953; common/history/characters/demo_characters.null:6314; common/history/characters/demo_characters.null:9698; common/history/characters/demo_characters.null:11559; common/history/characters/demo_characters.null:13411"
"Amiya Rhodes","Amiya","Rhodes","3","common/history/characters/demo_characters.null:566; common/history/characters/demo_characters.null:3927; common/history/characters/demo_characters.null:7288"
"Anan Natsume","Anan","Natsume","5","common/history/characters/demo_characters.null:3155; common/history/characters/demo_characters.null:6516; common/history/characters/demo_characters.null:9916; common/history/characters/demo_characters.null:11761; common/history/characters/demo_characters.null:13629"
"Anna Yanami","Anna","Yanami","3","common/history/characters/demo_characters.null:1323; common/history/characters/demo_characters.null:4684; common/history/characters/demo_characters.null:8045"
"Anzu Kadotani","Anzu","Kadotani","3","common/history/characters/demo_characters.null:791; common/history/characters/demo_characters.null:4152; common/history/characters/demo_characters.null:7513"
"Aoba Suzukaze","Aoba","Suzukaze","5","common/history/characters/demo_characters.null:2774; common/history/characters/demo_characters.null:6135; common/history/characters/demo_characters.null:9505; common/history/characters/demo_characters.null:11380; common/history/characters/demo_characters.null:13218"
"APPLe APPLe","APPLe","APPLe","3","common/history/characters/demo_characters.null:222; common/history/characters/demo_characters.null:3583; common/history/characters/demo_characters.null:6944"
"Aqua MizuKami","Aqua","MizuKami","5","common/history/characters/demo_characters.null:3016; common/history/characters/demo_characters.null:6377; common/history/characters/demo_characters.null:9766; common/history/characters/demo_characters.null:11622; common/history/characters/demo_characters.null:13479"
"Archer Emiya","Archer","Emiya",,"common/history/characters/reserve.null:163"
"Archetto Rhodes","Archetto","Rhodes","3","common/history/characters/demo_characters.null:525; common/history/characters/demo_characters.null:3886; common/history/characters/demo_characters.null:7247"
"Arisa Shido","Arisa","Shido","5","common/history/characters/demo_characters.null:3233; common/history/characters/demo_characters.null:6594; common/history/characters/demo_characters.null:10000; common/history/characters/demo_characters.null:11839; common/history/characters/demo_characters.null:13713"
"Armand_Jean_duPlessis_de Richelieu","Armand_Jean_duPlessis_de","Richelieu",,"common/history/characters/reserve.null:394"
"Aru Rikuhachima","Aru","Rikuhachima","3","common/history/characters/demo_characters.null:1141; common/history/characters/demo_characters.null:4502; common/history/characters/demo_characters.null:7863"
"Astesia Rhodes","Astesia","Rhodes","3","common/history/characters/demo_characters.null:511; common/history/characters/demo_characters.null:3872; common/history/characters/demo_characters.null:7233"
"Asuko Kagari","Asuko","Kagari","5","common/history/characters/demo_characters.null:2902; common/history/characters/demo_characters.null:6263; common/history/characters/demo_characters.null:9643; common/history/characters/demo_characters.null:11508; common/history/characters/demo_characters.null:13356"
"Asuna Yuuki","Asuna","Yuuki","5","common/history/characters/demo_characters.null:1923; common/history/characters/demo_characters.null:5284; common/history/characters/demo_characters.null:8645; common/history/characters/demo_characters.null:10529; common/history/characters/demo_characters.null:12358"
"Atori Ikaruga","Atori","Ikaruga","5","common/history/characters/demo_characters.null:2594; common/history/characters/demo_characters.null:5955; common/history/characters/demo_characters.null:9316; common/history/characters/demo_characters.null:11200; common/history/characters/demo_characters.null:13029"
"Aya Maruyama","Aya","Maruyama","5","common/history/characters/demo_characters.null:2145; common/history/characters/demo_characters.null:5506; common/history/characters/demo_characters.null:8867; common/history/characters/demo_characters.null:10751; common/history/characters/demo_characters.null:12580"
"Ayane Okusora","Ayane","Okusora","3","common/history/characters/demo_characters.null:1099; common/history/characters/demo_characters.null:4460; common/history/characters/demo_characters.null:7821"
"Ayase Mitsukasa","Ayase","Mitsukasa","5","common/history/characters/demo_characters.null:3310; common/history/characters/demo_characters.null:6671; common/history/characters/demo_characters.null:10083; common/history/characters/demo_characters.null:11916; common/history/characters/demo_characters.null:13796"
"ayumu uehara","ayumu","uehara","5","common/history/characters/demo_characters.null:1673; common/history/characters/demo_characters.null:5034; common/history/characters/demo_characters.null:8395; common/history/characters/demo_characters.null:10279; common/history/characters/demo_characters.null:12108"
"Barcarola Barcarola","Barcarola","Barcarola","3","common/history/characters/demo_characters.null:196; common/history/characters/demo_characters.null:3557; common/history/characters/demo_characters.null:6918"
"Bedivere Knight","Bedivere","Knight",,"common/history/characters/reserve.null:61"
"Blaze Rhodes","Blaze","Rhodes","3","common/history/characters/demo_characters.null:497; common/history/characters/demo_characters.null:3858; common/history/characters/demo_characters.null:7219"
"Bruno Bucciarati","Bruno","Bucciarati",,"common/history/characters/reserve.null:1305"
"C C","C","C","5","common/history/characters/demo_characters.null:3066; common/history/characters/demo_characters.null:6427; common/history/characters/demo_characters.null:9820; common/history/characters/demo_characters.null:11672; common/history/characters/demo_characters.null:13533"
"Carmen Iberia","Carmen","Iberia","3","common/history/characters/demo_characters.null:377; common/history/characters/demo_characters.null:3738; common/history/characters/demo_characters.null:7099"
"Charlie Charlie","Charlie","Charlie","3","common/history/characters/demo_characters.null:325; common/history/characters/demo_characters.null:3686; common/history/characters/demo_characters.null:7047"
"Charlotte E_Yeager","Charlotte","E_Yeager","5","common/history/characters/demo_characters.null:2476; common/history/characters/demo_characters.null:5837; common/history/characters/demo_characters.null:9198; common/history/characters/demo_characters.null:11082; common/history/characters/demo_characters.null:12911"
"Charon Charon","Charon","Charon","3","common/history/characters/demo_characters.null:351; common/history/characters/demo_characters.null:3712; common/history/characters/demo_characters.null:7073"
"Chika Fujiwara","Chika","Fujiwara","3","common/history/characters/demo_characters.null:621; common/history/characters/demo_characters.null:3982; common/history/characters/demo_characters.null:7343"
"Chika Komari","Chika","Komari","3","common/history/characters/demo_characters.null:1351; common/history/characters/demo_characters.null:4712; common/history/characters/demo_characters.null:8073"
"Chika Takami","Chika","Takami","5","common/history/characters/demo_characters.null:1533; common/history/characters/demo_characters.null:4894; common/history/characters/demo_characters.null:8255; common/history/characters/demo_characters.null:10139; common/history/characters/demo_characters.null:11968"
"Chisato Shirasagi","Chisato","Shirasagi","5","common/history/characters/demo_characters.null:2201; common/history/characters/demo_characters.null:5562; common/history/characters/demo_characters.null:8923; common/history/characters/demo_characters.null:10807; common/history/characters/demo_characters.null:12636"
"Chiyu Tamade","Chiyu","Tamade","5","common/history/characters/demo_characters.null:2340; common/history/characters/demo_characters.null:5701; common/history/characters/demo_characters.null:9062; common/history/characters/demo_characters.null:10946; common/history/characters/demo_characters.null:12775"
"Christina_Wako Yamato","Christina_Wako","Yamato","5","common/history/characters/demo_characters.null:2889; common/history/characters/demo_characters.null:6250; common/history/characters/demo_characters.null:9629; common/history/characters/demo_characters.null:11495; common/history/characters/demo_characters.null:13342"
"Claudine Saijo","Claudine","Saijo","5","common/history/characters/demo_characters.null:2736; common/history/characters/demo_characters.null:6097; common/history/characters/demo_characters.null:9464; common/history/characters/demo_characters.null:11342; common/history/characters/demo_characters.null:13177"
"Constanze Albrechtsberger","Constanze","Albrechtsberger","5","common/history/characters/demo_characters.null:2966; common/history/characters/demo_characters.null:6327; common/history/characters/demo_characters.null:9712; common/history/characters/demo_characters.null:11572; common/history/characters/demo_characters.null:13425"
"demo1 cash","demo1","cash",,"common/history/characters/reserve.null:836"
"demo1 kash","demo1","kash",,"common/history/characters/reserve.null:851"
"Dia Kurosawa","Dia","Kurosawa","5","common/history/characters/demo_characters.null:1561; common/history/characters/demo_characters.null:4922; common/history/characters/demo_characters.null:8283; common/history/characters/demo_characters.null:10167; common/history/characters/demo_characters.null:11996"
"Diamond Satono","Diamond","Satono","3","common/history/characters/demo_characters.null:903; common/history/characters/demo_characters.null:4264; common/history/characters/demo_characters.null:7625"
"Diana Cavendish","Diana","Cavendish","5","common/history/characters/demo_characters.null:2940; common/history/characters/demo_characters.null:6301; common/history/characters/demo_characters.null:9684; common/history/characters/demo_characters.null:11546; common/history/characters/demo_characters.null:13397"
"Druvis_III Druvis_III","Druvis_III","Druvis_III","3","common/history/characters/demo_characters.null:43; common/history/characters/demo_characters.null:3404; common/history/characters/demo_characters.null:6765"
"Edelfelt Luviagelita","Edelfelt","Luviagelita",,"common/history/characters/reserve.null:122"
"Eila  Ilmatar_Juutilainen","Eila"," Ilmatar_Juutilainen","5","common/history/characters/demo_characters.null:2530; common/history/characters/demo_characters.null:5891; common/history/characters/demo_characters.null:9252; common/history/characters/demo_characters.null:11136; common/history/characters/demo_characters.null:12965"
"Eirin Yagokoro","Eirin","Yagokoro","3","common/history/characters/demo_characters.null:671; common/history/characters/demo_characters.null:4032; common/history/characters/demo_characters.null:7393"
"El_Melloi_Archibald Kayneth","El_Melloi_Archibald","Kayneth",,"common/history/characters/reserve.null:1"
"Ema Sakuraba","Ema","Sakuraba","5","common/history/characters/demo_characters.null:3129; common/history/characters/demo_characters.null:6490; common/history/characters/demo_characters.null:9888; common/history/characters/demo_characters.null:11735; common/history/characters/demo_characters.null:13601"
"Erica Hartmann","Erica","Hartmann","5","common/history/characters/demo_characters.null:2556; common/history/characters/demo_characters.null:5917; common/history/characters/demo_characters.null:9278; common/history/characters/demo_characters.null:11162; common/history/characters/demo_characters.null:12991"
"Eve Wakamiya","Eve","Wakamiya","5","common/history/characters/demo_characters.null:2187; common/history/characters/demo_characters.null:5548; common/history/characters/demo_characters.null:8909; common/history/characters/demo_characters.null:10793; common/history/characters/demo_characters.null:12622"
"Fatutu Fatutu","Fatutu","Fatutu","3","common/history/characters/demo_characters.null:113; common/history/characters/demo_characters.null:3474; common/history/characters/demo_characters.null:6835"
"Francesca Lucchini","Francesca","Lucchini","5","common/history/characters/demo_characters.null:2490; common/history/characters/demo_characters.null:5851; common/history/characters/demo_characters.null:9212; common/history/characters/demo_characters.null:11096; common/history/characters/demo_characters.null:12925"
"Fujin Ines","Fujin","Ines","3","common/history/characters/demo_characters.null:931; common/history/characters/demo_characters.null:4292; common/history/characters/demo_characters.null:7653"
"fukukitaru Matikane","fukukitaru","Matikane","3","common/history/characters/demo_characters.null:861; common/history/characters/demo_characters.null:4222; common/history/characters/demo_characters.null:7583"
"Futaba Isurugi","Futaba","Isurugi","5","common/history/characters/demo_characters.null:2748; common/history/characters/demo_characters.null:6109; common/history/characters/demo_characters.null:9477; common/history/characters/demo_characters.null:11354; common/history/characters/demo_characters.null:13190"
"Gertrud Barkhorn","Gertrud","Barkhorn","5","common/history/characters/demo_characters.null:2569; common/history/characters/demo_characters.null:5930; common/history/characters/demo_characters.null:9291; common/history/characters/demo_characters.null:11175; common/history/characters/demo_characters.null:13004"
"Ghirga Narancia","Ghirga","Narancia",,"common/history/characters/reserve.null:1347"
"Giovanna Giorno","Giovanna","Giorno",,"common/history/characters/reserve.null:1291"
"Giri Yu","Giri","Yu","5","common/history/characters/demo_characters.null:2103; common/history/characters/demo_characters.null:5464; common/history/characters/demo_characters.null:8825; common/history/characters/demo_characters.null:10709; common/history/characters/demo_characters.null:12538"
"Gitano Sami","Gitano","Sami","3","common/history/characters/demo_characters.null:1001; common/history/characters/demo_characters.null:4362; common/history/characters/demo_characters.null:7723"
"Gladiia Iberia","Gladiia","Iberia","3","common/history/characters/demo_characters.null:445; common/history/characters/demo_characters.null:3806; common/history/characters/demo_characters.null:7167"
"Grace Grace","Grace","Grace","3","common/history/characters/demo_characters.null:168; common/history/characters/demo_characters.null:3529; common/history/characters/demo_characters.null:6890"
"Grand_Caster Merlin","Grand_Caster","Merlin",,"common/history/characters/reserve.null:43"
"Granger Emily","Granger","Emily","3","common/history/characters/demo_characters.null:1519; common/history/characters/demo_characters.null:4880; common/history/characters/demo_characters.null:8241"
"Guido Mista","Guido","Mista",,"common/history/characters/reserve.null:1333"
"Hajime Shinoda","Hajime","Shinoda","5","common/history/characters/demo_characters.null:2826; common/history/characters/demo_characters.null:6187; common/history/characters/demo_characters.null:9561; common/history/characters/demo_characters.null:11432; common/history/characters/demo_characters.null:13274"
"Hakurei Reimu","Hakurei","Reimu",,"common/history/characters/reserve.null:1157"
"Hana Isuzu","Hana","Isuzu","3","common/history/characters/demo_characters.null:736; common/history/characters/demo_characters.null:4097; common/history/characters/demo_characters.null:7458"
"Hanae Asagao","Hanae","Asagao","5","common/history/characters/demo_characters.null:1827; common/history/characters/demo_characters.null:5188; common/history/characters/demo_characters.null:8549; common/history/characters/demo_characters.null:10433; common/history/characters/demo_characters.null:12262"
"Hanako Osada","Hanako","Osada","5","common/history/characters/demo_characters.null:2633; common/history/characters/demo_characters.null:5994; common/history/characters/demo_characters.null:9355; common/history/characters/demo_characters.null:11239; common/history/characters/demo_characters.null:13068"
"Hanamaru Kunikida","Hanamaru","Kunikida ","5","common/history/characters/demo_characters.null:1645; common/history/characters/demo_characters.null:5006; common/history/characters/demo_characters.null:8367; common/history/characters/demo_characters.null:10251; common/history/characters/demo_characters.null:12080"
"Hanna toono","Hanna","toono","5","common/history/characters/demo_characters.null:3259; common/history/characters/demo_characters.null:6620; common/history/characters/demo_characters.null:10028; common/history/characters/demo_characters.null:11865; common/history/characters/demo_characters.null:13741"
"Haruka Igusa","Haruka","Igusa","3","common/history/characters/demo_characters.null:1183; common/history/characters/demo_characters.null:4544; common/history/characters/demo_characters.null:7905"
"Hatsune Miku","Hatsune","Miku",,"common/history/characters/reserve.null:701"
"Hazuki Nijoin","Hazuki","Nijoin","5","common/history/characters/demo_characters.null:3349; common/history/characters/demo_characters.null:6710; common/history/characters/demo_characters.null:10125; common/history/characters/demo_characters.null:11955; common/history/characters/demo_characters.null:13838"
"Hewitt Ludwig","Hewitt","Ludwig",,"common/history/characters/reserve.null:409"
"Hibari Hokobaru","Hibari","Hokobaru","3","common/history/characters/demo_characters.null:1393; common/history/characters/demo_characters.null:4754; common/history/characters/demo_characters.null:8115"
"Hifumi Ajitani","Hifumi","Ajitani","3","common/history/characters/demo_characters.null:1197; common/history/characters/demo_characters.null:4558; common/history/characters/demo_characters.null:7919"
"Hifumi Takimono","Hifumi","Takimono","5","common/history/characters/demo_characters.null:2813; common/history/characters/demo_characters.null:6174; common/history/characters/demo_characters.null:9547; common/history/characters/demo_characters.null:11419; common/history/characters/demo_characters.null:13260"
"HighMore Iberia","HighMore","Iberia","3","common/history/characters/demo_characters.null:431; common/history/characters/demo_characters.null:3792; common/history/characters/demo_characters.null:7153"
"Hikari Kagura","Hikari","Kagura","5","common/history/characters/demo_characters.null:2673; common/history/characters/demo_characters.null:6034; common/history/characters/demo_characters.null:9396; common/history/characters/demo_characters.null:11279; common/history/characters/demo_characters.null:13109"
"Himekawa Yoshino","Himekawa","Yoshino",,"common/history/characters/reserve.null:971"
"Hina Hikawa","Hina","Hikawa","5","common/history/characters/demo_characters.null:2159; common/history/characters/demo_characters.null:5520; common/history/characters/demo_characters.null:8881; common/history/characters/demo_characters.null:10765; common/history/characters/demo_characters.null:12594"
"Hinata Kaho","Hinata","Kaho",,"common/history/characters/reserve.null:577"
"Hinata Wakaba","Hinata","Wakaba","5","common/history/characters/demo_characters.null:1869; common/history/characters/demo_characters.null:5230; common/history/characters/demo_characters.null:8591; common/history/characters/demo_characters.null:10475; common/history/characters/demo_characters.null:12304"
"Hiro Nikaido","Hiro","Nikaido","5","common/history/characters/demo_characters.null:3142; common/history/characters/demo_characters.null:6503; common/history/characters/demo_characters.null:9902; common/history/characters/demo_characters.null:11748; common/history/characters/demo_characters.null:13615"
"Hitachi Mako","Hitachi","Mako",,"common/history/characters/reserve.null:1262"
"Hitori Goto","Hitori","Goto","3","common/history/characters/demo_characters.null:1211; common/history/characters/demo_characters.null:4572; common/history/characters/demo_characters.null:7933"
"Honjou Nia","Honjou","Nia",,"common/history/characters/reserve.null:931"
"Hoshimiya Mukuro","Hoshimiya","Mukuro",,"common/history/characters/reserve.null:1028"
"Hoshino Takanashi","Hoshino","Takanashi","3","common/history/characters/demo_characters.null:1085; common/history/characters/demo_characters.null:4446; common/history/characters/demo_characters.null:7807"
"Hoto Kokoa","Hoto","Kokoa",,"common/history/characters/reserve.null:562"
"Ibuki Suika","Ibuki","Suika",,"common/history/characters/reserve.null:1187"
"Ikuyo Kita","Ikuyo","Kita","3","common/history/characters/demo_characters.null:1253; common/history/characters/demo_characters.null:4614; common/history/characters/demo_characters.null:7975"
"Inoue Takina","Inoue","Takina",,"common/history/characters/reserve.null:532"
"Irene Iberia","Irene","Iberia","3","common/history/characters/demo_characters.null:417; common/history/characters/demo_characters.null:3778; common/history/characters/demo_characters.null:7139"
"Issac_Ray_Pelham Westcott","Issac_Ray_Pelham","Westcott",,"common/history/characters/reserve.null:1127"
"Itsuka Kotori","Itsuka","Kotori",,"common/history/characters/reserve.null:990"
"Izayoi Miku","Izayoi","Miku",,"common/history/characters/reserve.null:1077"
"Joe Joe","Joe","Joe","3","common/history/characters/demo_characters.null:141; common/history/characters/demo_characters.null:3502; common/history/characters/demo_characters.null:6863"
"Judge Miku","Judge","Miku",,"common/history/characters/reserve.null:746"
"Junko Konno","Junko","Konno","5","common/history/characters/demo_characters.null:2089; common/history/characters/demo_characters.null:5450; common/history/characters/demo_characters.null:8811; common/history/characters/demo_characters.null:10695; common/history/characters/demo_characters.null:12524"
"Junna Hoshimi","Junna","Hoshimi","5","common/history/characters/demo_characters.null:2698; common/history/characters/demo_characters.null:6059; common/history/characters/demo_characters.null:9423; common/history/characters/demo_characters.null:11304; common/history/characters/demo_characters.null:13136"
"Kafu Chino","Kafu","Chino",,"common/history/characters/reserve.null:424"
"Kagura Mea","Kagura","Mea",,"common/history/characters/reserve.null:608"
"Kaguya Houraisan","Kaguya","Houraisan","3","common/history/characters/demo_characters.null:646; common/history/characters/demo_characters.null:4007; common/history/characters/demo_characters.null:7368"
"Kaguya Shinomiya","Kaguya","Shinomiya","3","common/history/characters/demo_characters.null:634; common/history/characters/demo_characters.null:3995; common/history/characters/demo_characters.null:7356"
"Kaju Nukumizu","Kaju","Nukumizu","3","common/history/characters/demo_characters.null:1365; common/history/characters/demo_characters.null:4726; common/history/characters/demo_characters.null:8087"
"Kakania Kakania","Kakania","Kakania","3","common/history/characters/demo_characters.null:71; common/history/characters/demo_characters.null:3432; common/history/characters/demo_characters.null:6793"
"Kamishirasawa Keine","Kamishirasawa","Keine",,"common/history/characters/reserve.null:1172"
"Kanan Matsuura","Kanan","Matsuura","5","common/history/characters/demo_characters.null:1631; common/history/characters/demo_characters.null:4992; common/history/characters/demo_characters.null:8353; common/history/characters/demo_characters.null:10237; common/history/characters/demo_characters.null:12066"
"Kanata Konoe","Kanata","Konoe","5","common/history/characters/demo_characters.null:1771; common/history/characters/demo_characters.null:5132; common/history/characters/demo_characters.null:8493; common/history/characters/demo_characters.null:10377; common/history/characters/demo_characters.null:12206"
"Kaoruko Hanayagi","Kaoruko","Hanayagi","5","common/history/characters/demo_characters.null:2761; common/history/characters/demo_characters.null:6122; common/history/characters/demo_characters.null:9491; common/history/characters/demo_characters.null:11367; common/history/characters/demo_characters.null:13204"
"Karen Aijo","Karen","Aijo","5","common/history/characters/demo_characters.null:2660; common/history/characters/demo_characters.null:6021; common/history/characters/demo_characters.null:9382; common/history/characters/demo_characters.null:11266; common/history/characters/demo_characters.null:13095"
"Karen Kozuki","Karen","Kozuki","5","common/history/characters/demo_characters.null:3079; common/history/characters/demo_characters.null:6440; common/history/characters/demo_characters.null:9834; common/history/characters/demo_characters.null:11685; common/history/characters/demo_characters.null:13547"
"Karin Asaka","Karin","Asaka","5","common/history/characters/demo_characters.null:1743; common/history/characters/demo_characters.null:5104; common/history/characters/demo_characters.null:8465; common/history/characters/demo_characters.null:10349; common/history/characters/demo_characters.null:12178"
"Kasumi Nakasu","Kasumi","Nakasu","5","common/history/characters/demo_characters.null:1701; common/history/characters/demo_characters.null:5062; common/history/characters/demo_characters.null:8423; common/history/characters/demo_characters.null:10307; common/history/characters/demo_characters.null:12136"
"Kawashiro Nitori","Kawashiro","Nitori",,"common/history/characters/reserve.null:1232"
"Kayoko Onikata","Kayoko","Onikata","3","common/history/characters/demo_characters.null:1155; common/history/characters/demo_characters.null:4516; common/history/characters/demo_characters.null:7877"
"Kazuma Sato","Kazuma","Sato","5","common/history/characters/demo_characters.null:3005; common/history/characters/demo_characters.null:6366; common/history/characters/demo_characters.null:9754; common/history/characters/demo_characters.null:11611; common/history/characters/demo_characters.null:13467"
"Kazuto Kirigaya","Kazuto","Kirigaya","5","common/history/characters/demo_characters.null:1910; common/history/characters/demo_characters.null:5271; common/history/characters/demo_characters.null:8632; common/history/characters/demo_characters.null:10516; common/history/characters/demo_characters.null:12345"
"Kirima Sharo","Kirima","Sharo",,"common/history/characters/reserve.null:592"
"Kirino Kosaka","Kirino","Kosaka","3","common/history/characters/demo_characters.null:1435; common/history/characters/demo_characters.null:4796; common/history/characters/demo_characters.null:8157"
"Ko Yagami","Ko","Yagami","5","common/history/characters/demo_characters.null:2787; common/history/characters/demo_characters.null:6148; common/history/characters/demo_characters.null:9519; common/history/characters/demo_characters.null:11393; common/history/characters/demo_characters.null:13232"
"Kobayashi Toru","Kobayashi","Toru",,"common/history/characters/reserve.null:502"
"Koko Sawatari","Koko","Sawatari","5","common/history/characters/demo_characters.null:3272; common/history/characters/demo_characters.null:6633; common/history/characters/demo_characters.null:10042; common/history/characters/demo_characters.null:11878; common/history/characters/demo_characters.null:13755"
"Kotaro Tatsumi","Kotaro","Tatsumi","5","common/history/characters/demo_characters.null:2034; common/history/characters/demo_characters.null:5395; common/history/characters/demo_characters.null:8756; common/history/characters/demo_characters.null:10640; common/history/characters/demo_characters.null:12469"
"Koto Tsukinoki","Koto","Tsukinoki","3","common/history/characters/demo_characters.null:1379; common/history/characters/demo_characters.null:4740; common/history/characters/demo_characters.null:8101"
"Kotomine Kirei","Kotomine","Kirei",,"common/history/characters/reserve.null:22"
"Kujo Arisa","Kujo","Arisa","3","common/history/characters/demo_characters.null:1295; common/history/characters/demo_characters.null:4656; common/history/characters/demo_characters.null:8017"
"Kujo Mariya","Kujo","Mariya","3","common/history/characters/demo_characters.null:1281; common/history/characters/demo_characters.null:4642; common/history/characters/demo_characters.null:8003"
"Kyono Natsumi","Kyono","Natsumi",,"common/history/characters/reserve.null:1012"
"Lalatina_Ford Dustiness","Lalatina_Ford","Dustiness","5","common/history/characters/demo_characters.null:3042; common/history/characters/demo_characters.null:6403; common/history/characters/demo_characters.null:9794; common/history/characters/demo_characters.null:11648; common/history/characters/demo_characters.null:13507"
"Laundry Fluss","Laundry","Fluss",,"common/history/characters/reserve.null:653"
"Lelouch vi_Britannia","Lelouch","vi_Britannia","5","common/history/characters/demo_characters.null:3055; common/history/characters/demo_characters.null:6416; common/history/characters/demo_characters.null:9808; common/history/characters/demo_characters.null:11661; common/history/characters/demo_characters.null:13521"
"Leone Abbacchio","Leone","Abbacchio",,"common/history/characters/reserve.null:1319"
"Librorum_Prohibitorum Index","Librorum_Prohibitorum","Index",,"common/history/characters/reserve.null:259"
"Lily Hoshikawa","Lily","Hoshikawa","5","common/history/characters/demo_characters.null:2117; common/history/characters/demo_characters.null:5478; common/history/characters/demo_characters.null:8839; common/history/characters/demo_characters.null:10723; common/history/characters/demo_characters.null:12552"
"Lilya Lilya","Lilya","Lilya","3","common/history/characters/demo_characters.null:127; common/history/characters/demo_characters.null:3488; common/history/characters/demo_characters.null:6849"
"Lisa Imai","Lisa","Imai","5","common/history/characters/demo_characters.null:2270; common/history/characters/demo_characters.null:5631; common/history/characters/demo_characters.null:8992; common/history/characters/demo_characters.null:10876; common/history/characters/demo_characters.null:12705"
"Lotte Jansson","Lotte","Jansson","5","common/history/characters/demo_characters.null:2914; common/history/characters/demo_characters.null:6275; common/history/characters/demo_characters.null:9656; common/history/characters/demo_characters.null:11520; common/history/characters/demo_characters.null:13369"
"Lucy Lucy","Lucy","Lucy","3","common/history/characters/demo_characters.null:299; common/history/characters/demo_characters.null:3660; common/history/characters/demo_characters.null:7021"
"Lumen Iberia","Lumen","Iberia","3","common/history/characters/demo_characters.null:484; common/history/characters/demo_characters.null:3845; common/history/characters/demo_characters.null:7206"
"Lynette Bishop","Lynette","Bishop","5","common/history/characters/demo_characters.null:2449; common/history/characters/demo_characters.null:5810; common/history/characters/demo_characters.null:9171; common/history/characters/demo_characters.null:11055; common/history/characters/demo_characters.null:12884"
"Maagou Housho","Maagou","Housho","5","common/history/characters/demo_characters.null:3207; common/history/characters/demo_characters.null:6568; common/history/characters/demo_characters.null:9972; common/history/characters/demo_characters.null:11813; common/history/characters/demo_characters.null:13685"
"Magallan Sami","Magallan","Sami","3","common/history/characters/demo_characters.null:1029; common/history/characters/demo_characters.null:4390; common/history/characters/demo_characters.null:7751"
"Magical Miku","Magical","Miku",,"common/history/characters/reserve.null:776"
"Mahiru Tsuyuzaki","Mahiru","Tsuyuzaki","5","common/history/characters/demo_characters.null:2711; common/history/characters/demo_characters.null:6072; common/history/characters/demo_characters.null:9437; common/history/characters/demo_characters.null:11317; common/history/characters/demo_characters.null:13150"
"Mako ReiZei","Mako","ReiZei","3","common/history/characters/demo_characters.null:750; common/history/characters/demo_characters.null:4111; common/history/characters/demo_characters.null:7472"
"Mari Iochi","Mari","Iochi","5","common/history/characters/demo_characters.null:1855; common/history/characters/demo_characters.null:5216; common/history/characters/demo_characters.null:8577; common/history/characters/demo_characters.null:10461; common/history/characters/demo_characters.null:12290"
"Mari Ohara","Mari","Ohara","5","common/history/characters/demo_characters.null:1617; common/history/characters/demo_characters.null:4978; common/history/characters/demo_characters.null:8339; common/history/characters/demo_characters.null:10223; common/history/characters/demo_characters.null:12052"
"Mashiro Kurata","Mashiro","Kurata","5","common/history/characters/demo_characters.null:2353; common/history/characters/demo_characters.null:5714; common/history/characters/demo_characters.null:9075; common/history/characters/demo_characters.null:10959; common/history/characters/demo_characters.null:12788"
"Masuki Sato","Masuki","Sato","5","common/history/characters/demo_characters.null:2298; common/history/characters/demo_characters.null:5659; common/history/characters/demo_characters.null:9020; common/history/characters/demo_characters.null:10904; common/history/characters/demo_characters.null:12733"
"Maya Tendo","Maya","Tendo","5","common/history/characters/demo_characters.null:2686; common/history/characters/demo_characters.null:6047; common/history/characters/demo_characters.null:9410; common/history/characters/demo_characters.null:11292; common/history/characters/demo_characters.null:13123"
"Maya Yamato","Maya","Yamato","5","common/history/characters/demo_characters.null:2173; common/history/characters/demo_characters.null:5534; common/history/characters/demo_characters.null:8895; common/history/characters/demo_characters.null:10779; common/history/characters/demo_characters.null:12608"
"Mayu Shikibe","Mayu","Shikibe","5","common/history/characters/demo_characters.null:3336; common/history/characters/demo_characters.null:6697; common/history/characters/demo_characters.null:10111; common/history/characters/demo_characters.null:11942; common/history/characters/demo_characters.null:13824"
"Megumin ExplosionWizard","Megumin","ExplosionWizard","5","common/history/characters/demo_characters.null:3029; common/history/characters/demo_characters.null:6390; common/history/characters/demo_characters.null:9780; common/history/characters/demo_characters.null:11635; common/history/characters/demo_characters.null:13493"
"Meruru Hikami","Meruru","Hikami","5","common/history/characters/demo_characters.null:3284; common/history/characters/demo_characters.null:6645; common/history/characters/demo_characters.null:10055; common/history/characters/demo_characters.null:11890; common/history/characters/demo_characters.null:13768"
"Miho Nishizumi","Miho","Nishizumi","3","common/history/characters/demo_characters.null:708; common/history/characters/demo_characters.null:4069; common/history/characters/demo_characters.null:7430"
"Mikoto Misaka","Mikoto","Misaka",,"common/history/characters/reserve.null:244"
"Mills Andrew_Gilbert","Mills","Andrew_Gilbert","5","common/history/characters/demo_characters.null:2021; common/history/characters/demo_characters.null:5382; common/history/characters/demo_characters.null:8743; common/history/characters/demo_characters.null:10627; common/history/characters/demo_characters.null:12456"
"Minamo Kamishiro"," Minamo","Kamishiro","5","common/history/characters/demo_characters.null:2607; common/history/characters/demo_characters.null:5968; common/history/characters/demo_characters.null:9329; common/history/characters/demo_characters.null:11213; common/history/characters/demo_characters.null:13042"
"Minato Aqua","Minato","Aqua",,"common/history/characters/reserve.null:623"
"Mine Aomori","Mine","Aomori","5","common/history/characters/demo_characters.null:1841; common/history/characters/demo_characters.null:5202; common/history/characters/demo_characters.null:8563; common/history/characters/demo_characters.null:10447; common/history/characters/demo_characters.null:12276"
"Minna Dietlinde_Wilcke","Minna","Dietlinde_Wilcke","5","common/history/characters/demo_characters.null:2543; common/history/characters/demo_characters.null:5904; common/history/characters/demo_characters.null:9265; common/history/characters/demo_characters.null:11149; common/history/characters/demo_characters.null:12978"
"Mio Sakamoto","Mio","Sakamoto","5","common/history/characters/demo_characters.null:2436; common/history/characters/demo_characters.null:5797; common/history/characters/demo_characters.null:9158; common/history/characters/demo_characters.null:11042; common/history/characters/demo_characters.null:12871"
"Miria Saeki","Miria","Saeki","5","common/history/characters/demo_characters.null:3194; common/history/characters/demo_characters.null:6555; common/history/characters/demo_characters.null:9958; common/history/characters/demo_characters.null:11800; common/history/characters/demo_characters.null:13671"
"Mizuki Iberia","Mizuki","Iberia","3","common/history/characters/demo_characters.null:471; common/history/characters/demo_characters.null:3832; common/history/characters/demo_characters.null:7193"
"Mokou Fujiwara","Mokou","Fujiwara","3","common/history/characters/demo_characters.null:608; common/history/characters/demo_characters.null:3969; common/history/characters/demo_characters.null:7330"
"Momoka Hanyuu","Momoka","Hanyuu","3","common/history/characters/demo_characters.null:538; common/history/characters/demo_characters.null:3899; common/history/characters/demo_characters.null:7260"
"Motion Fine","Motion","Fine","3","common/history/characters/demo_characters.null:847; common/history/characters/demo_characters.null:4208; common/history/characters/demo_characters.null:7569"
"Muelsyse Sami","Muelsyse","Sami","3","common/history/characters/demo_characters.null:1057; common/history/characters/demo_characters.null:4418; common/history/characters/demo_characters.null:7779"
"Murasame Reine","Murasame","Reine",,"common/history/characters/reserve.null:1110"
"Mutsuki Asagi","Mutsuki","Asagi","3","common/history/characters/demo_characters.null:1169; common/history/characters/demo_characters.null:4530; common/history/characters/demo_characters.null:7891"
"Myth Miku","Myth","Miku",,"common/history/characters/reserve.null:731"
"NaN Diavolo","NaN","Diavolo",,"common/history/characters/reserve.null:1277"
"Nana Daiba","Nana","Daiba","5","common/history/characters/demo_characters.null:2724; common/history/characters/demo_characters.null:6085; common/history/characters/demo_characters.null:9451; common/history/characters/demo_characters.null:11330; common/history/characters/demo_characters.null:13164"
"Nana Ebina","Nana","Ebina","3","common/history/characters/demo_characters.null:1491; common/history/characters/demo_characters.null:4852; common/history/characters/demo_characters.null:8213"
"Nanami Arihara","Nanami","Arihara","5","common/history/characters/demo_characters.null:3323; common/history/characters/demo_characters.null:6684; common/history/characters/demo_characters.null:10097; common/history/characters/demo_characters.null:11929; common/history/characters/demo_characters.null:13810"
"Nanami Hiromachi","Nanami","Hiromachi","5","common/history/characters/demo_characters.null:2366; common/history/characters/demo_characters.null:5727; common/history/characters/demo_characters.null:9088; common/history/characters/demo_characters.null:10972; common/history/characters/demo_characters.null:12801"
"Nanoka Kurobe","Nanoka","Kurobe","5","common/history/characters/demo_characters.null:3220; common/history/characters/demo_characters.null:6581; common/history/characters/demo_characters.null:9986; common/history/characters/demo_characters.null:11826; common/history/characters/demo_characters.null:13699"
"Nasary Erde","Nasary","Erde",,"common/history/characters/reserve.null:638"
"Natsuki Ikaruga","Natsuki","Ikaruga","5","common/history/characters/demo_characters.null:2582; common/history/characters/demo_characters.null:5943; common/history/characters/demo_characters.null:9304; common/history/characters/demo_characters.null:11188; common/history/characters/demo_characters.null:13017"
"Nene Sakura","Nene","Sakura","5","common/history/characters/demo_characters.null:2850; common/history/characters/demo_characters.null:6211; common/history/characters/demo_characters.null:9587; common/history/characters/demo_characters.null:11456; common/history/characters/demo_characters.null:13300"
"NewBabel NewBabel","NewBabel","NewBabel","3","common/history/characters/demo_characters.null:273; common/history/characters/demo_characters.null:3634; common/history/characters/demo_characters.null:6995"
"Nijika Ijichi","Nijika","Ijichi","3","common/history/characters/demo_characters.null:1225; common/history/characters/demo_characters.null:4586; common/history/characters/demo_characters.null:7947"
"Nishikigi Chisato","Nishikigi","Chisato",,"common/history/characters/reserve.null:454"
"Noa Jyogasaki","Noa","Jyogasaki","5","common/history/characters/demo_characters.null:3168; common/history/characters/demo_characters.null:6529; common/history/characters/demo_characters.null:9930; common/history/characters/demo_characters.null:11774; common/history/characters/demo_characters.null:13643"
"Nonomi Izayoi","Nonomi","Izayoi","3","common/history/characters/demo_characters.null:1127; common/history/characters/demo_characters.null:4488; common/history/characters/demo_characters.null:7849"
"Nunnally vi_Britannia","Nunnally","vi_Britannia","5","common/history/characters/demo_characters.null:3091; common/history/characters/demo_characters.null:6452; common/history/characters/demo_characters.null:9847; common/history/characters/demo_characters.null:11697; common/history/characters/demo_characters.null:13560"
"Onstein illya","Onstein","illya",,"common/history/characters/reserve.null:866"
"Pannacotta Fugo","Pannacotta","Fugo",,"common/history/characters/reserve.null:1361"
"Parla Luft","Parla","Luft",,"common/history/characters/reserve.null:683"
"Pendragon Altria","Pendragon","Altria",,"common/history/characters/reserve.null:203"
"Pendragon Mordred","Pendragon","Mordred",,"common/history/characters/reserve.null:224"
"Perrine H_Clostermann","Perrine","H_Clostermann","5","common/history/characters/demo_characters.null:2463; common/history/characters/demo_characters.null:5824; common/history/characters/demo_characters.null:9185; common/history/characters/demo_characters.null:11069; common/history/characters/demo_characters.null:12898"
"Rabbit Miku","Rabbit","Miku",,"common/history/characters/reserve.null:791"
"Ray Sami","Ray","Sami","3","common/history/characters/demo_characters.null:973; common/history/characters/demo_characters.null:4334; common/history/characters/demo_characters.null:7695"
"Reform Miku","Reform","Miku",,"common/history/characters/reserve.null:761"
"Regulus Regulus","Regulus","Regulus","3","common/history/characters/demo_characters.null:29; common/history/characters/demo_characters.null:3390; common/history/characters/demo_characters.null:6751"
"Rei Wakana","Rei","Wakana","5","common/history/characters/demo_characters.null:2284; common/history/characters/demo_characters.null:5645; common/history/characters/demo_characters.null:9006; common/history/characters/demo_characters.null:10890; common/history/characters/demo_characters.null:12719"
"Reia Hasumi","Reia","Hasumi","5","common/history/characters/demo_characters.null:3181; common/history/characters/demo_characters.null:6542; common/history/characters/demo_characters.null:9944; common/history/characters/demo_characters.null:11787; common/history/characters/demo_characters.null:13657"
"Reisen Udongein_Inaba","Reisen","Udongein_Inaba","3","common/history/characters/demo_characters.null:658; common/history/characters/demo_characters.null:4019; common/history/characters/demo_characters.null:7380"
"Remon Yakishio","Remon","Yakishio","3","common/history/characters/demo_characters.null:1337; common/history/characters/demo_characters.null:4698; common/history/characters/demo_characters.null:8059"
"Renkawa Cherino","Renkawa","Cherino",,"common/history/characters/reserve.null:897"
"Renta Tsuji","Renta","Tsuji","3","common/history/characters/demo_characters.null:778; common/history/characters/demo_characters.null:4139; common/history/characters/demo_characters.null:7500"
"Reona Nyubara","Reona","Nyubara","5","common/history/characters/demo_characters.null:2312; common/history/characters/demo_characters.null:5673; common/history/characters/demo_characters.null:9034; common/history/characters/demo_characters.null:10918; common/history/characters/demo_characters.null:12747"
"Rika Shinozaki","Rika","Shinozaki","5","common/history/characters/demo_characters.null:1951; common/history/characters/demo_characters.null:5312; common/history/characters/demo_characters.null:8673; common/history/characters/demo_characters.null:10557; common/history/characters/demo_characters.null:12386"
"Riko Sakurauchi","Riko","Sakurauchi ","5","common/history/characters/demo_characters.null:1547; common/history/characters/demo_characters.null:4908; common/history/characters/demo_characters.null:8269; common/history/characters/demo_characters.null:10153; common/history/characters/demo_characters.null:11982"
"Rin Toyama","Rin","Toyama","5","common/history/characters/demo_characters.null:2800; common/history/characters/demo_characters.null:6161; common/history/characters/demo_characters.null:9533; common/history/characters/demo_characters.null:11406; common/history/characters/demo_characters.null:13246"
"Rina Tennoji","Rina","Tennoji","5","common/history/characters/demo_characters.null:1785; common/history/characters/demo_characters.null:5146; common/history/characters/demo_characters.null:8507; common/history/characters/demo_characters.null:10391; common/history/characters/demo_characters.null:12220"
"Rinko Shirokane","Rinko","Shirokane","5","common/history/characters/demo_characters.null:2256; common/history/characters/demo_characters.null:5617; common/history/characters/demo_characters.null:8978; common/history/characters/demo_characters.null:10862; common/history/characters/demo_characters.null:12691"
"Ririka Nanami","Ririka","Nanami","5","common/history/characters/demo_characters.null:2647; common/history/characters/demo_characters.null:6008; common/history/characters/demo_characters.null:9369; common/history/characters/demo_characters.null:11253; common/history/characters/demo_characters.null:13082"
"Ritostan Anne","Ritostan","Anne",,"common/history/characters/reserve.null:472"
"Rokka Asahi","Rokka","Asahi","5","common/history/characters/demo_characters.null:2326; common/history/characters/demo_characters.null:5687; common/history/characters/demo_characters.null:9048; common/history/characters/demo_characters.null:10932; common/history/characters/demo_characters.null:12761"
"Rubi Kurosawa","Rubi","Kurosawa ","5","common/history/characters/demo_characters.null:1603; common/history/characters/demo_characters.null:4964; common/history/characters/demo_characters.null:8325; common/history/characters/demo_characters.null:10209; common/history/characters/demo_characters.null:12038"
"Rudolf Symboli","Rudolf","Symboli","3","common/history/characters/demo_characters.null:819; common/history/characters/demo_characters.null:4180; common/history/characters/demo_characters.null:7541"
"Rui Yashio","Rui","Yashio","5","common/history/characters/demo_characters.null:2394; common/history/characters/demo_characters.null:5755; common/history/characters/demo_characters.null:9116; common/history/characters/demo_characters.null:11000; common/history/characters/demo_characters.null:12829"
"Ruri Gokou","Ruri","Gokou","3","common/history/characters/demo_characters.null:1505; common/history/characters/demo_characters.null:4866; common/history/characters/demo_characters.null:8227"
"Ruru Riora","Ruru","Riora",,"common/history/characters/reserve.null:487"
"Ryo Yamada","Ryo","Yamada","3","common/history/characters/demo_characters.null:1239; common/history/characters/demo_characters.null:4600; common/history/characters/demo_characters.null:7961"
"ryotaro Tsuboi","ryotaro","Tsuboi","5","common/history/characters/demo_characters.null:1965; common/history/characters/demo_characters.null:5326; common/history/characters/demo_characters.null:8687; common/history/characters/demo_characters.null:10571; common/history/characters/demo_characters.null:12400"
"Ryouji Nojima","Ryouji","Nojima","5","common/history/characters/demo_characters.null:2621; common/history/characters/demo_characters.null:5982; common/history/characters/demo_characters.null:9343; common/history/characters/demo_characters.null:11227; common/history/characters/demo_characters.null:13056"
"Sagiri Izumi","Sagiri","Izumi","3","common/history/characters/demo_characters.null:1449; common/history/characters/demo_characters.null:4810; common/history/characters/demo_characters.null:8171"
"Saikawa Sanae","Saikawa","Sanae",,"common/history/characters/reserve.null:517"
"Saki Nikaido","Saki","Nikaido","5","common/history/characters/demo_characters.null:2061; common/history/characters/demo_characters.null:5422; common/history/characters/demo_characters.null:8783; common/history/characters/demo_characters.null:10667; common/history/characters/demo_characters.null:12496"
"Sakura Miku","Sakura","Miku",,"common/history/characters/reserve.null:821"
"Sakura Minamoto","Sakura","Minamoto","5","common/history/characters/demo_characters.null:2047; common/history/characters/demo_characters.null:5408; common/history/characters/demo_characters.null:8769; common/history/characters/demo_characters.null:10653; common/history/characters/demo_characters.null:12482"
"Sakurako Utazumi","Sakurako","Utazumi","5","common/history/characters/demo_characters.null:1883; common/history/characters/demo_characters.null:5244; common/history/characters/demo_characters.null:8605; common/history/characters/demo_characters.null:10489; common/history/characters/demo_characters.null:12318"
"Sakuranomiya Maika","Sakuranomiya","Maika",,"common/history/characters/reserve.null:439"
"Santalla Sami","Santalla","Sami","3","common/history/characters/demo_characters.null:1015; common/history/characters/demo_characters.null:4376; common/history/characters/demo_characters.null:7737"
"Sanya V_Litvyak","Sanya","V_Litvyak","5","common/history/characters/demo_characters.null:2516; common/history/characters/demo_characters.null:5877; common/history/characters/demo_characters.null:9238; common/history/characters/demo_characters.null:11122; common/history/characters/demo_characters.null:12951"
"Saori Takebe","Saori","Takebe","3","common/history/characters/demo_characters.null:722; common/history/characters/demo_characters.null:4083; common/history/characters/demo_characters.null:7444"
"Sarah Kazuno","Sarah","Kazuno ","5","common/history/characters/demo_characters.null:1659; common/history/characters/demo_characters.null:5020; common/history/characters/demo_characters.null:8381; common/history/characters/demo_characters.null:10265; common/history/characters/demo_characters.null:12094"
"Sayo Hikawa","Sayo","Hikawa","5","common/history/characters/demo_characters.null:2243; common/history/characters/demo_characters.null:5604; common/history/characters/demo_characters.null:8965; common/history/characters/demo_characters.null:10849; common/history/characters/demo_characters.null:12678"
"Sea Miku","Sea","Miku",,"common/history/characters/reserve.null:806"
"Seika Ijichi","Seika","Ijichi","3","common/history/characters/demo_characters.null:1267; common/history/characters/demo_characters.null:4628; common/history/characters/demo_characters.null:7989"
"Semmelweis Semmelweis","Semmelweis","Semmelweis","3","common/history/characters/demo_characters.null:154; common/history/characters/demo_characters.null:3515; common/history/characters/demo_characters.null:6876"
"Sentinel Sentinel","Sentinel","Sentinel","3","common/history/characters/demo_characters.null:99; common/history/characters/demo_characters.null:3460; common/history/characters/demo_characters.null:6821"
"Serika Kuromi","Serika","Kuromi","3","common/history/characters/demo_characters.null:1113; common/history/characters/demo_characters.null:4474; common/history/characters/demo_characters.null:7835"
"Serina Sumi","Serina","Sumi","5","common/history/characters/demo_characters.null:1813; common/history/characters/demo_characters.null:5174; common/history/characters/demo_characters.null:8535; common/history/characters/demo_characters.null:10419; common/history/characters/demo_characters.null:12248"
"Setsuna Yuki","Setsuna","Yuki","5","common/history/characters/demo_characters.null:1687; common/history/characters/demo_characters.null:5048; common/history/characters/demo_characters.null:8409; common/history/characters/demo_characters.null:10293; common/history/characters/demo_characters.null:12122"
"Shameimaru Aya","Shameimaru","Aya",,"common/history/characters/reserve.null:1217"
"Sherii tachibana","Sherii","tachibana","5","common/history/characters/demo_characters.null:3246; common/history/characters/demo_characters.null:6607; common/history/characters/demo_characters.null:10014; common/history/characters/demo_characters.null:11852; common/history/characters/demo_characters.null:13727"
"Shino Asada","Shino","Asada","5","common/history/characters/demo_characters.null:2007; common/history/characters/demo_characters.null:5368; common/history/characters/demo_characters.null:8729; common/history/characters/demo_characters.null:10613; common/history/characters/demo_characters.null:12442"
"Shirai Index","Shirai","Index","8","common/history/characters/reserve.null:274; common/history/characters/reserve.null:289; common/history/characters/reserve.null:304; common/history/characters/reserve.null:319; common/history/characters/reserve.null:334; common/history/characters/reserve.null:349; common/history/characters/reserve.null:364; common/history/characters/reserve.null:379"
"Shirley Fenette","Shirley","Fenette","5","common/history/characters/demo_characters.null:3116; common/history/characters/demo_characters.null:6477; common/history/characters/demo_characters.null:9874; common/history/characters/demo_characters.null:11722; common/history/characters/demo_characters.null:13587"
"Shiro Eliza","Shiro","Eliza","3","common/history/characters/demo_characters.null:1463; common/history/characters/demo_characters.null:4824; common/history/characters/demo_characters.null:8185"
"Shiroko Sunaokami","Shiroko","Sunaokami","3","common/history/characters/demo_characters.null:1071; common/history/characters/demo_characters.null:4432; common/history/characters/demo_characters.null:7793"
"Shirou Emiya","Shirou","Emiya",,"common/history/characters/reserve.null:143"
"Shizuka Hattori","Shizuka","Hattori","5","common/history/characters/demo_characters.null:2503; common/history/characters/demo_characters.null:5864; common/history/characters/demo_characters.null:9225; common/history/characters/demo_characters.null:11109; common/history/characters/demo_characters.null:12938"
"Shizuku Hazuki","Shizuku","Hazuki","5","common/history/characters/demo_characters.null:2876; common/history/characters/demo_characters.null:6237; common/history/characters/demo_characters.null:9615; common/history/characters/demo_characters.null:11482; common/history/characters/demo_characters.null:13328"
"Shizuku Osaka","Shizuku","Osaka","5","common/history/characters/demo_characters.null:1757; common/history/characters/demo_characters.null:5118; common/history/characters/demo_characters.null:8479; common/history/characters/demo_characters.null:10363; common/history/characters/demo_characters.null:12192"
"Shuttle Taiki","Shuttle","Taiki","3","common/history/characters/demo_characters.null:889; common/history/characters/demo_characters.null:4250; common/history/characters/demo_characters.null:7611"
"Skadi Iberia","Skadi","Iberia","3","common/history/characters/demo_characters.null:403; common/history/characters/demo_characters.null:3764; common/history/characters/demo_characters.null:7125"
"Snow Miku","Snow","Miku",,"common/history/characters/reserve.null:716"
"Sonetto Sonetto","Sonetto","Sonetto","3","common/history/characters/demo_characters.null:15; common/history/characters/demo_characters.null:3376; common/history/characters/demo_characters.null:6737"
"Sora Kasugano","Sora","Kasugano","3","common/history/characters/demo_characters.null:1421; common/history/characters/demo_characters.null:4782; common/history/characters/demo_characters.null:8143"
"Sora Rhodes","Sora","Rhodes","3","common/history/characters/demo_characters.null:580; common/history/characters/demo_characters.null:3941; common/history/characters/demo_characters.null:7302"
"Specter Iberia","Specter","Iberia","3","common/history/characters/demo_characters.null:390; common/history/characters/demo_characters.null:3751; common/history/characters/demo_characters.null:7112"
"Sucy Manbavaran","Sucy","Manbavaran","5","common/history/characters/demo_characters.null:2927; common/history/characters/demo_characters.null:6288; common/history/characters/demo_characters.null:9670; common/history/characters/demo_characters.null:11533; common/history/characters/demo_characters.null:13383"
"Suguha Kirigaya","Suguha","Kirigaya","5","common/history/characters/demo_characters.null:1979; common/history/characters/demo_characters.null:5340; common/history/characters/demo_characters.null:8701; common/history/characters/demo_characters.null:10585; common/history/characters/demo_characters.null:12414"
"Sumireko Usami","Sumireko","Usami","3","common/history/characters/demo_characters.null:696; common/history/characters/demo_characters.null:4057; common/history/characters/demo_characters.null:7418"
"Surtr Sami","Surtr","Sami","3","common/history/characters/demo_characters.null:1043; common/history/characters/demo_characters.null:4404; common/history/characters/demo_characters.null:7765"
"Suzaku Kururugi","Suzaku","Kururugi","5","common/history/characters/demo_characters.null:3104; common/history/characters/demo_characters.null:6465; common/history/characters/demo_characters.null:9861; common/history/characters/demo_characters.null:11710; common/history/characters/demo_characters.null:13574"
"Tachyon Agnes","Tachyon","Agnes","3","common/history/characters/demo_characters.null:875; common/history/characters/demo_characters.null:4236; common/history/characters/demo_characters.null:7597"
"Tae Yamada","Tae","Yamada","5","common/history/characters/demo_characters.null:2131; common/history/characters/demo_characters.null:5492; common/history/characters/demo_characters.null:8853; common/history/characters/demo_characters.null:10737; common/history/characters/demo_characters.null:12566"
"Tannhauser Matikane","Tannhauser","Matikane","3","common/history/characters/demo_characters.null:917; common/history/characters/demo_characters.null:4278; common/history/characters/demo_characters.null:7639"
"Teio Tokai","Teio","Tokai","3","common/history/characters/demo_characters.null:833; common/history/characters/demo_characters.null:4194; common/history/characters/demo_characters.null:7555"
"The_Ripper Jack","The_Ripper","Jack",,"common/history/characters/reserve.null:882"
"Thirty_seven Thirty_seven","Thirty_seven","Thirty_seven","3","common/history/characters/demo_characters.null:182; common/history/characters/demo_characters.null:3543; common/history/characters/demo_characters.null:6904"
"Tillroo Flamme","Tillroo","Flamme",,"common/history/characters/reserve.null:668"
"Tobiichi Origami","Tobiichi","Origami",,"common/history/characters/reserve.null:914"
"Tohsaka Rin","Tohsaka","Rin",,"common/history/characters/reserve.null:104"
"Tohsaka Tokiomi","Tohsaka","Tokiomi",,"common/history/characters/reserve.null:82"
"Tokisaki Kurumi","Tokisaki","Kurumi",,"common/history/characters/reserve.null:951"
"Toko Kirigaya","Toko","Kirigaya","5","common/history/characters/demo_characters.null:2408; common/history/characters/demo_characters.null:5769; common/history/characters/demo_characters.null:9130; common/history/characters/demo_characters.null:11014; common/history/characters/demo_characters.null:12843"
"Tsukushi Futaba","Tsukushi","Futaba","5","common/history/characters/demo_characters.null:2380; common/history/characters/demo_characters.null:5741; common/history/characters/demo_characters.null:9102; common/history/characters/demo_characters.null:10986; common/history/characters/demo_characters.null:12815"
"Typhon Sami","Typhon","Sami","3","common/history/characters/demo_characters.null:959; common/history/characters/demo_characters.null:4320; common/history/characters/demo_characters.null:7681"
"Ulpianus Iberia","Ulpianus","Iberia","3","common/history/characters/demo_characters.null:458; common/history/characters/demo_characters.null:3819; common/history/characters/demo_characters.null:7180"
"Umaru Doma","Umaru","Doma","3","common/history/characters/demo_characters.null:1477; common/history/characters/demo_characters.null:4838; common/history/characters/demo_characters.null:8199"
"Umiko Ahagon","Umiko","Ahagon","5","common/history/characters/demo_characters.null:2863; common/history/characters/demo_characters.null:6224; common/history/characters/demo_characters.null:9601; common/history/characters/demo_characters.null:11469; common/history/characters/demo_characters.null:13314"
"Una Trish","Una","Trish",,"common/history/characters/reserve.null:1375"
"Urika Rhodes","Urika","Rhodes","3","common/history/characters/demo_characters.null:552; common/history/characters/demo_characters.null:3913; common/history/characters/demo_characters.null:7274"
"Ursula Callistis","Ursula","Callistis","5","common/history/characters/demo_characters.null:2979; common/history/characters/demo_characters.null:6340; common/history/characters/demo_characters.null:9726; common/history/characters/demo_characters.null:11585; common/history/characters/demo_characters.null:13439"
"Valarqvin Sami","Valarqvin","Sami","3","common/history/characters/demo_characters.null:987; common/history/characters/demo_characters.null:4348; common/history/characters/demo_characters.null:7709"
"Velvet Waver","Velvet","Waver",,"common/history/characters/reserve.null:185"
"Verde Emma","Verde","Emma","5","common/history/characters/demo_characters.null:1715; common/history/characters/demo_characters.null:5076; common/history/characters/demo_characters.null:8437; common/history/characters/demo_characters.null:10321; common/history/characters/demo_characters.null:12150"
"Vertin Timekeeper","Vertin","Timekeeper","3","common/history/characters/demo_characters.null:1; common/history/characters/demo_characters.null:3362; common/history/characters/demo_characters.null:6723"
"Vigna Rhodes","Vigna","Rhodes","3","common/history/characters/demo_characters.null:594; common/history/characters/demo_characters.null:3955; common/history/characters/demo_characters.null:7316"
"Vila Vila","Vila","Vila","3","common/history/characters/demo_characters.null:85; common/history/characters/demo_characters.null:3446; common/history/characters/demo_characters.null:6807"
"Walnut Kurumi","Walnut","Kurumi",,"common/history/characters/reserve.null:547"
"Wangari Wangari","Wangari","Wangari","5","common/history/characters/demo_characters.null:2992; common/history/characters/demo_characters.null:6353; common/history/characters/demo_characters.null:9740; common/history/characters/demo_characters.null:11598; common/history/characters/demo_characters.null:13453"
"Week Special","Week","Special","3","common/history/characters/demo_characters.null:945; common/history/characters/demo_characters.null:4306; common/history/characters/demo_characters.null:7667"
"X X","X","X","3","common/history/characters/demo_characters.null:248; common/history/characters/demo_characters.null:3609; common/history/characters/demo_characters.null:6970"
"Yakumo Yukari","Yakumo","Yukari",,"common/history/characters/reserve.null:1142"
"Yamai Kaguya","Yamai","Kaguya",,"common/history/characters/reserve.null:1043"
"Yamai Yuzuru","Yamai","Yuzuru",,"common/history/characters/reserve.null:1060"
"Yatogami Toka","Yatogami","Toka",,"common/history/characters/reserve.null:1093"
"Yorigami Jyoon","Yorigami","Jyoon",,"common/history/characters/reserve.null:1202"
"Yoshika Miyafuji","Yoshika","Miyafuji","5","common/history/characters/demo_characters.null:2422; common/history/characters/demo_characters.null:5783; common/history/characters/demo_characters.null:9144; common/history/characters/demo_characters.null:11028; common/history/characters/demo_characters.null:12857"
"Yoshiko Tsushima","Yoshiko","Tsushima ","5","common/history/characters/demo_characters.null:1589; common/history/characters/demo_characters.null:4950; common/history/characters/demo_characters.null:8311; common/history/characters/demo_characters.null:10195; common/history/characters/demo_characters.null:12024"
"You Watanabe","You","Watanabe ","5","common/history/characters/demo_characters.null:1575; common/history/characters/demo_characters.null:4936; common/history/characters/demo_characters.null:8297; common/history/characters/demo_characters.null:10181; common/history/characters/demo_characters.null:12010"
"Yu Takasaki"," Yu","Takasaki","5","common/history/characters/demo_characters.null:1799; common/history/characters/demo_characters.null:5160; common/history/characters/demo_characters.null:8521; common/history/characters/demo_characters.null:10405; common/history/characters/demo_characters.null:12234"
"Yui MHCP","Yui","MHCP","5","common/history/characters/demo_characters.null:1937; common/history/characters/demo_characters.null:5298; common/history/characters/demo_characters.null:8659; common/history/characters/demo_characters.null:10543; common/history/characters/demo_characters.null:12372"
"YuKari Akiyama","YuKari","Akiyama","3","common/history/characters/demo_characters.null:764; common/history/characters/demo_characters.null:4125; common/history/characters/demo_characters.null:7486"
"Yuki Suo","Yuki","Suo","3","common/history/characters/demo_characters.null:1309; common/history/characters/demo_characters.null:4670; common/history/characters/demo_characters.null:8031"
"Yuki Tsukishiro","Yuki","Tsukishiro","5","common/history/characters/demo_characters.null:3297; common/history/characters/demo_characters.null:6658; common/history/characters/demo_characters.null:10069; common/history/characters/demo_characters.null:11903; common/history/characters/demo_characters.null:13782"
"Yukina Minato","Yukina","Minato","5","common/history/characters/demo_characters.null:2215; common/history/characters/demo_characters.null:5576; common/history/characters/demo_characters.null:8937; common/history/characters/demo_characters.null:10821; common/history/characters/demo_characters.null:12650"
"Yumeko Shikiya","Yumeko","Shikiya","3","common/history/characters/demo_characters.null:1407; common/history/characters/demo_characters.null:4768; common/history/characters/demo_characters.null:8129"
"Yun Iizima","Yun","Iizima","5","common/history/characters/demo_characters.null:2838; common/history/characters/demo_characters.null:6199; common/history/characters/demo_characters.null:9574; common/history/characters/demo_characters.null:11444; common/history/characters/demo_characters.null:13287"
"Yuzu Koyama","Yuzu","Koyama","3","common/history/characters/demo_characters.null:805; common/history/characters/demo_characters.null:4166; common/history/characters/demo_characters.null:7527"
"Zuberg Alice","Zuberg","Alice","5","common/history/characters/demo_characters.null:1993; common/history/characters/demo_characters.null:5354; common/history/characters/demo_characters.null:8715; common/history/characters/demo_characters.null:10599; common/history/characters/demo_characters.null:12428"
